[{"bar_id":1,"bar_name":"The Winston","location":"35 Lerdahl Way"},
{"bar_id":2,"bar_name":"Library Bar & Grill","location":"162 Maryland Center"},
{"bar_id":3,"bar_name":"Prohibition Lounge","location":"36113 Fordem Way"},
{"bar_id":4,"bar_name":"The Barracuda","location":"791 Mariners Cove Crossing"},
{"bar_id":5,"bar_name":"Red Brick Bar","location":"52 Bowman Park"},
{"bar_id":6,"bar_name":"Nompton Social","location":"6956 Lien Center"},
{"bar_id":7,"bar_name":"The Mont","location":"6 Oneill Drive"},
{"bar_id":8,"bar_name":"Happy Monk","location":"286 Schiller Hill"},
{"bar_id":9,"bar_name":"The Bluebonnet Bar","location":"6 Red Cloud Pass"},
{"bar_id":10,"bar_name":"Logie's On The Corner","location":"73179 Annamark Pass"},
{"bar_id":11,"bar_name":"Pub W","location":"765 Arkansas Parkway"},
{"bar_id":12,"bar_name":"Supper Club","location":"4181 Eliot Pass"},
{"bar_id":13,"bar_name":"Opolis","location":"2085 Bluejay Park"},
{"bar_id":14,"bar_name":"Scratch Kitchen & Cocktails","location":"5 Aberg Point"},
{"bar_id":15,"bar_name":"The Garage Burgers and Beer","location":"9 Mesta Plaza"},
{"bar_id":16,"bar_name":"The Porch","location":"736 Sheridan Pass"},
{"bar_id":17,"bar_name":"Mooney's Pub & Grill","location":"3 Packers Parkway"},
{"bar_id":18,"bar_name":"The Deli","location":"026 Karstens Junction"},
{"bar_id":19,"bar_name":"Blu","location":"9 Prentice Alley"},
{"bar_id":20,"bar_name":"Sideline Bar & Grill","location":"5 Kipling Terrace"}]
