[{"id":1,"first_name":"Pall","last_name":"Ruddoch","bar_ids":[16,2,12]},
{"id":2,"first_name":"Joyous","last_name":"Heinle","bar_ids":[13]},
{"id":3,"first_name":"Saundra","last_name":"Kybird","bar_ids":[3,10]},
{"id":4,"first_name":"Susannah","last_name":"O'Corrane","bar_ids":[1,3]},
{"id":5,"first_name":"Korry","last_name":"Wellesley","bar_ids":[11]},
{"id":6,"first_name":"Ossie","last_name":"Cartmale","bar_ids":[5]},
{"id":7,"first_name":"Vernice","last_name":"Fyers","bar_ids":[2]},
{"id":8,"first_name":"Braden","last_name":"Clevely","bar_ids":[18]},
{"id":9,"first_name":"Davon","last_name":"M'Quharge","bar_ids":[4]},
{"id":10,"first_name":"Fredric","last_name":"Michelet","bar_ids":[6,14]},
{"id":11,"first_name":"Joice","last_name":"Ingerson","bar_ids":[9]},
{"id":12,"first_name":"Tonye","last_name":"Habbes","bar_ids":[15]},
{"id":13,"first_name":"Chilton","last_name":"Dethloff","bar_ids":[7]},
{"id":14,"first_name":"Torrin","last_name":"Plaskett","bar_ids":[17]},
{"id":15,"first_name":"Lorrayne","last_name":"Crow","bar_ids":[8]},
{"id":16,"first_name":"Teirtza","last_name":"Pavlata","bar_ids":[18,8,20]},
{"id":17,"first_name":"Bibi","last_name":"Le feaver","bar_ids":[20,5,7,15,8]},
{"id":18,"first_name":"Laurens","last_name":"Fronzek","bar_ids":[2]},
{"id":19,"first_name":"Marlee","last_name":"Elsby","bar_ids":[2]},
{"id":20,"first_name":"Godard","last_name":"Tue","bar_ids":[1]},
{"id":21,"first_name":"Aarika","last_name":"Radbone","bar_ids":[19]},
{"id":22,"first_name":"Jacquenetta","last_name":"Occleshaw","bar_ids":[8,10,17]},
{"id":23,"first_name":"Olag","last_name":"Vaneschi","bar_ids":[5,12]},
{"id":24,"first_name":"Mariya","last_name":"Zamora","bar_ids":[3,10]},
{"id":25,"first_name":"Adrianna","last_name":"Swaisland","bar_ids":[7,16]},
{"id":26,"first_name":"Berne","last_name":"Richardt","bar_ids":[2,13]},
{"id":27,"first_name":"Rayna","last_name":"Westell","bar_ids":[11]},
{"id":28,"first_name":"Paola","last_name":"Mycock","bar_ids":[3,6]},
{"id":29,"first_name":"Antoinette","last_name":"Powell","bar_ids":[18]},
{"id":30,"first_name":"Seymour","last_name":"Eslie","bar_ids":[19,20]}]
